Сценарий,"Маржа с упущенной сделки, %","Окупаемость, мес."
Крайне консервативный,2,101.4
Крайне консервативный,3,85.0
Крайне консервативный,4,73.1
Крайне консервативный,5,64.1
Крайне консервативный,6,57.1
Крайне консервативный,7,51.5
Крайне консервативный,8,46.9
Крайне консервативный,9,43.0
Крайне консервативный,10,39.8
Крайне консервативный,11,37.0
Крайне консервативный,12,34.5
Крайне консервативный,13,32.4
Крайне консервативный,14,30.5
Крайне консервативный,15,28.8
Крайне консервативный,16,27.3
Крайне консервативный,17,26.0
Крайне консервативный,18,24.7
Крайне консервативный,19,23.6
Крайне консервативный,20,22.6
Крайне консервативный,21,21.7
Крайне консервативный,22,20.8
Крайне консервативный,23,20.0
Крайне консервативный,24,19.3
Крайне консервативный,25,18.6
Крайне консервативный,26,17.9
Крайне консервативный,27,17.3
Крайне консервативный,28,16.8
Крайне консервативный,29,16.3
Крайне консервативный,30,15.8
Крайне консервативный,31,15.3
Крайне консервативный,32,14.9
Крайне консервативный,33,14.5
Крайне консервативный,34,14.1
Крайне консервативный,35,13.7
Крайне консервативный,36,13.4
Крайне консервативный,37,13.0
Крайне консервативный,38,12.7
Крайне консервативный,39,12.4
Крайне консервативный,40,12.1
Консервативный,2,75.3
Консервативный,3,59.2
Консервативный,4,48.7
Консервативный,5,41.4
Консервативный,6,36.0
Консервативный,7,31.9
Консервативный,8,28.6
Консервативный,9,25.9
Консервативный,10,23.7
Консервативный,11,21.8
Консервативный,12,20.2
Консервативный,13,18.8
Консервативный,14,17.6
Консервативный,15,16.6
Консервативный,16,15.6
Консервативный,17,14.8
Консервативный,18,14.0
Консервативный,19,13.4
Консервативный,20,12.7
Консервативный,21,12.2
Консервативный,22,11.7
Консервативный,23,11.2
Консервативный,24,10.8
Консервативный,25,10.4
Консервативный,26,10.0
Консервативный,27,9.6
Консервативный,28,9.3
Консервативный,29,9.0
Консервативный,30,8.7
Консервативный,31,8.5
Консервативный,32,8.2
Консервативный,33,8.0
Консервативный,34,7.7
Консервативный,35,7.5
Консервативный,36,7.3
Консервативный,37,7.1
Консервативный,38,7.0
Консервативный,39,6.8
Консервативный,40,6.6
Базовый,2,49.7
Базовый,3,36.8
Базовый,4,29.2
Базовый,5,24.2
Базовый,6,20.7
Базовый,7,18.1
Базовый,8,16.0
Базовый,9,14.4
Базовый,10,13.1
Базовый,11,12.0
Базовый,12,11.0
Базовый,13,10.2
Базовый,14,9.6
Базовый,15,9.0
Базовый,16,8.4
Базовый,17,8.0
Базовый,18,7.5
Базовый,19,7.2
Базовый,20,6.8
Базовый,21,6.5
Базовый,22,6.2
Базовый,23,6.0
Базовый,24,5.7
Базовый,25,5.5
Базовый,26,5.3
Базовый,27,5.1
Базовый,28,4.9
Базовый,29,4.8
Базовый,30,4.6
Базовый,31,4.5
Базовый,32,4.3
Базовый,33,4.2
Базовый,34,4.1
Базовый,35,4.0
Базовый,36,3.9
Базовый,37,3.8
Базовый,38,3.7
Базовый,39,3.6
Базовый,40,3.5
Умеренный,2,37.1
Умеренный,3,26.7
Умеренный,4,20.9
Умеренный,5,17.1
Умеренный,6,14.5
Умеренный,7,12.6
Умеренный,8,11.1
Умеренный,9,10.0
Умеренный,10,9.0
Умеренный,11,8.3
Умеренный,12,7.6
Умеренный,13,7.0
Умеренный,14,6.6
Умеренный,15,6.1
Умеренный,16,5.8
Умеренный,17,5.4
Умеренный,18,5.1
Умеренный,19,4.9
Умеренный,20,4.6
Умеренный,21,4.4
Умеренный,22,4.2
Умеренный,23,4.1
Умеренный,24,3.9
Умеренный,25,3.7
Умеренный,26,3.6
Умеренный,27,3.5
Умеренный,28,3.3
Умеренный,29,3.2
Умеренный,30,3.1
Умеренный,31,3.0
Умеренный,32,2.9
Умеренный,33,2.8
Умеренный,34,2.8
Умеренный,35,2.7
Умеренный,36,2.6
Умеренный,37,2.5
Умеренный,38,2.5
Умеренный,39,2.4
Умеренный,40,2.4
